diagnosis,accepted_answers,clue_1,clue_2,clue_3,clue_4,clue_5,clue_6,explanation,high_yield
Peptic ulcer disease with upper GI bleed,PUD bleed; bleeding peptic ulcer; duodenal ulcer bleed; gastric ulcer bleed,A 58-year-old with osteoarthritis has two days of black stools and lightheadedness.,He has vague epigastric burning that improves briefly after meals.,Home medications include daily naproxen and aspirin after a prior TIA.,His BUN is disproportionately elevated compared with creatinine.,Nasogastric lavage returns coffee-ground material.,He has no stigmata of chronic liver disease and platelets are normal.,"Bleeding peptic ulcer disease is the most common upper GI bleed source and is supported by H. pylori or NSAID risk, epigastric pain, melena, and an elevated BUN:Cr ratio from digested blood protein.",H. pylori/NSAIDs; epigastric pain; melena or coffee-ground emesis; BUN:Cr >20; endoscopy diagnostic and therapeutic.
Esophageal varices,variceal bleed; bleeding esophageal varices; portal hypertensive varices,A 54-year-old with alcohol-related cirrhosis suddenly vomits a large volume of bright red blood.,He denies abdominal pain before the bleeding began.,"Exam shows ascites, spider angiomas, palmar erythema, and splenomegaly.","Platelets are 68,000 and INR is elevated.",Albumin is low and bilirubin is mildly increased.,The bleeding is brisk enough to cause orthostasis.,"Portal hypertension dilates the esophageal venous plexus, and rupture causes painless, often massive hematemesis in a patient with cirrhosis and coagulopathy.",Cirrhosis/portal HTN; painless large-volume hematemesis; thrombocytopenia; elevated INR; highest-mortality UGIB pattern.
Mallory-Weiss tear,Mallory Weiss tear; GE junction mucosal tear; post-retching hematemesis,A 29-year-old has several hours of nonbloody vomiting after binge drinking.,"After repeated retching, the emesis becomes streaked with bright red blood.",He has mild epigastric tenderness but no peritoneal signs.,Hemoglobin is only slightly decreased.,Liver tests and platelet count are normal.,Endoscopy would show a linear mucosal laceration at the gastroesophageal junction.,A Mallory-Weiss tear is a longitudinal mucosal tear at the gastroesophageal junction caused by sudden increases in intraabdominal pressure from retching.,"Vomiting first, then hematemesis; GE junction linear tear; alcoholism, bulimia, hyperemesis; usually self-limited."
Acute cholecystitis,cholecystitis; acute calculous cholecystitis; cystic duct obstruction,A 42-year-old woman has constant RUQ pain for 10 hours after a fatty meal.,The pain radiates to the right scapula and is associated with fever and vomiting.,She previously had brief postprandial RUQ attacks that resolved spontaneously.,She stops inhaling when the examiner palpates under the right costal margin.,"Ultrasound shows gallstones, wall thickening, and pericholecystic fluid.",Direct bilirubin is only mildly elevated.,"Acute cholecystitis is inflammation from cystic duct obstruction, producing constant RUQ pain, fever, Murphy sign, and gallbladder inflammatory changes on ultrasound.",Constant RUQ pain; right shoulder/scapula radiation; fever; Murphy sign; gallstones + wall thickening/pericholecystic fluid.
Ascending cholangitis,cholangitis; acute ascending cholangitis; infected choledocholithiasis,"A 67-year-old with known gallstones presents with RUQ pain, fever, and jaundice.",He becomes confused and hypotensive in the emergency department.,Labs show direct hyperbilirubinemia with ALP and GGT much higher than AST/ALT.,Ultrasound shows a dilated common bile duct.,Lipase is mildly elevated but does not explain the sepsis.,Urgent ERCP is planned after resuscitation and antibiotics.,"Ascending cholangitis occurs when an obstructed biliary system becomes infected, causing RUQ pain, fever, jaundice, and sometimes shock or altered mental status.",Charcot triad = fever + RUQ pain + jaundice; Reynold pentad adds hypotension and AMS; ALP/GGT/direct bilirubin high; dilated CBD; ERCP treats.
Acute hepatitis,acute hepatocellular hepatitis; acute liver injury; acute viral hepatitis pattern,"A 24-year-old develops malaise, anorexia, nausea, and RUQ heaviness after travel.","Several days later she notices dark urine, jaundice, and clay-colored stools.",AST and ALT are both above 1000.,Alkaline phosphatase is only modestly elevated.,Ultrasound shows no common bile duct dilation.,Serologies identify an acute viral exposure.,"Acute hepatitis causes hepatocellular injury with prodrome, jaundice, RUQ discomfort, and very high transaminases, often far exceeding the cholestatic enzymes.",Viral/drug/toxic exposure; malaise and anorexia; AST/ALT often >1000; jaundice/dark urine; rule out obstruction.
Perforated peptic ulcer,perforated ulcer; perforated duodenal ulcer; perforated gastric ulcer,A 61-year-old taking chronic NSAIDs develops sudden excruciating epigastric pain while at dinner.,Pain rapidly becomes diffuse and he lies still with shallow breathing.,The abdomen is board-like with rebound and guarding.,Bowel sounds are absent.,Upright chest radiograph shows free air under the diaphragm.,"Serum amylase is mildly elevated, but lipase is not diagnostic for pancreatitis.","Full-thickness ulcer perforation spills gastric or duodenal contents into the peritoneum, causing sudden severe pain, rigid abdomen, peritonitis, and free intraperitoneal air.",Sudden maximal pain; rigid abdomen; peritonitis; H. pylori/NSAIDs; free air under diaphragm = perforation.
Gastroesophageal reflux disease,GERD; reflux esophagitis; erosive esophagitis,A 39-year-old with obesity has burning substernal discomfort after late meals.,Symptoms worsen when lying flat and improve with antacids.,He wakes with sour regurgitation and a chronic dry cough.,Cardiac evaluation is unrevealing.,"He has no weight loss, anemia, dysphagia, or GI bleeding.",An empiric proton pump inhibitor trial is started.,"GERD results from lower esophageal sphincter dysfunction with acid reflux, producing postprandial and positional burning pain with regurgitation.",Burning substernal/epigastric pain; worse after meals or lying flat; sour regurgitation; antacid/PPI response; alarm symptoms need endoscopy.
Acute pancreatitis,pancreatitis; gallstone pancreatitis; alcoholic pancreatitis,A 45-year-old develops severe epigastric pain after a weekend of heavy alcohol use.,The pain radiates straight through to the back and is worse supine.,He leans forward over the bed for partial relief.,Vomiting does not improve the pain.,Lipase is more than three times the upper limit of normal.,Bowel sounds are decreased and there is voluntary guarding.,"Acute pancreatitis is pancreatic enzyme activation causing severe epigastric pain radiating to the back, relief leaning forward, and lipase elevation above three times normal.",Epigastric pain to back; better leaning forward; lipase >3x ULN; gallstones/alcohol; ALT >150 suggests gallstone cause.
Gastritis,acute gastritis; chronic gastritis; H pylori gastritis; autoimmune gastritis,"A 53-year-old has dull epigastric burning, nausea, bloating, and early satiety.",He uses ibuprofen most days but denies melena or weight loss.,Endoscopy shows erythematous gastric mucosa without a discrete ulcer crater.,Biopsy is positive on rapid urease testing.,Hemoglobin is normal and BUN:Cr is not elevated.,Symptoms improve after H. pylori eradication and stopping NSAIDs.,"Gastritis is gastric mucosal inflammation without a discrete ulcer; H. pylori, NSAIDs, alcohol, and autoimmune parietal cell destruction are common causes.","Epigastric discomfort/nausea; no discrete ulcer on endoscopy; H. pylori/NSAIDs; autoimmune gastritis causes B12 deficiency, achlorhydria, high gastrin."
Acute appendicitis,appendicitis; inflamed appendix,A 19-year-old develops vague periumbilical pain that later localizes to the RLQ.,Anorexia began before the pain became severe.,"Vomiting occurs after the pain, not before it.",Exam shows McBurney tenderness and pain in the RLQ with LLQ palpation.,WBC count is elevated with a left shift.,CT shows an enlarged blind-ending tubular structure with periappendiceal fat stranding.,"Appendiceal lumen obstruction causes distension and inflammation, classically producing periumbilical pain that migrates to the RLQ with anorexia and leukocytosis.",Periumbilical to RLQ migration; anorexia; pain before vomiting; McBurney/Rovsing/psoas/obturator signs; CT gold standard in nonpregnant adults.
Crohn disease,Crohn; Crohn's disease; regional enteritis; transmural IBD,"A 27-year-old smoker has months of crampy RLQ pain, low-grade fevers, and weight loss.",Diarrhea is usually nonbloody.,Exam reveals perianal skin tags and a draining fistula.,"Labs show anemia, low albumin, and elevated CRP.",Colonoscopy shows skip lesions with cobblestoning and rectal sparing.,Biopsy reveals noncaseating granulomas.,"Crohn disease is transmural, skip-lesion inflammatory bowel disease that commonly involves the terminal ileum and causes fistulas, strictures, perianal disease, and nonbloody diarrhea.",Transmural; skip lesions; terminal ileum/RLQ; fistulas/strictures/perianal disease; ASCA; smoking worsens; B12 deficiency possible.
Hemolytic anemia,hemolysis; hemolytic jaundice; prehepatic jaundice,"A patient presents with jaundice, pallor, fatigue, and splenomegaly but no RUQ pain.",Bilirubin is predominantly unconjugated.,LDH is high and haptoglobin is low.,Reticulocyte count is elevated.,Urinalysis lacks bilirubin despite dark urine from excess urobilinogen.,Peripheral smear shows spherocytes.,"Hemolysis overwhelms hepatic conjugation capacity, causing unconjugated hyperbilirubinemia with elevated LDH, low haptoglobin, and reticulocytosis.",Indirect bilirubin; high LDH; low haptoglobin; high reticulocytes; no bilirubinuria; smear and Coombs help identify cause.
Gilbert syndrome,Gilbert; Gilbert disease; benign unconjugated hyperbilirubinemia,A healthy college student notices mild scleral icterus during final exams and fasting.,"Total bilirubin is mildly elevated, mostly indirect, and below 3 mg/dL.","AST, ALT, ALP, and CBC are normal.","LDH, haptoglobin, and reticulocyte count do not suggest hemolysis.",Symptoms resolve after normal eating resumes.,Family history reveals similar benign episodes.,"Gilbert syndrome is benign reduced bilirubin conjugation causing intermittent isolated unconjugated hyperbilirubinemia triggered by fasting, illness, stress, or exertion.",Mild isolated indirect bilirubin; normal CBC and LFTs; fasting/stress/illness trigger; benign UGT1A1 deficiency.
Alcoholic hepatitis,alcohol-associated hepatitis; alcoholic steatohepatitis,"A 49-year-old with heavy alcohol use develops jaundice, fever, anorexia, and RUQ pain.",Exam shows tender hepatomegaly and spider angiomas.,AST is 260 and ALT is 95.,GGT and INR are elevated.,Platelets are low and bilirubin is high.,The transaminases are not in the thousands.,"Alcoholic hepatitis causes acute hepatocellular injury from alcohol with jaundice, tender hepatomegaly, AST:ALT >2:1, elevated GGT, and AST usually under 400.",Heavy alcohol use; jaundice; tender hepatomegaly; AST:ALT >2:1; AST rarely >400; elevated GGT/INR; Maddrey DF for severity.
Choledocholithiasis,common bile duct stone; biliary obstruction from gallstone; obstructive choledocholithiasis,A patient has episodic RUQ pain followed by jaundice and dark urine.,He is afebrile and mentally clear.,"Direct bilirubin is elevated, with ALP and GGT out of proportion to AST/ALT.",Ultrasound shows a dilated common bile duct but no gallbladder wall thickening.,MRCP demonstrates a filling defect in the distal duct.,There is no hypotension or rigors to suggest infected obstruction.,"Choledocholithiasis is a gallstone obstructing the common bile duct, producing conjugated hyperbilirubinemia, cholestatic enzymes, dark urine, pale stools, and ductal dilation.",RUQ pain + obstructive labs; direct bilirubin and ALP/GGT high; dilated CBD; MRCP/EUS visualizes; ERCP treats.
Pancreatic head cancer,pancreatic head adenocarcinoma; pancreatic head malignancy; periampullary pancreatic cancer,A 72-year-old smoker develops painless progressive jaundice and profound weight loss.,"He has pruritus, dark urine, and pale stools.",Exam reveals a nontender palpable gallbladder.,CT shows dilation of both the common bile duct and pancreatic duct.,CA 19-9 is elevated but biopsy is needed for diagnosis.,He recently developed diabetes without weight gain.,"A pancreatic head mass compresses the distal bile duct, causing painless progressive obstructive jaundice, weight loss, Courvoisier sign, and the double-duct sign.",Painless progressive jaundice; weight loss; Courvoisier sign; double duct sign; smoking/chronic pancreatitis/diabetes risk; CA 19-9 not diagnostic alone.
Cirrhotic ascites,ascites due to cirrhosis; portal hypertensive ascites; decompensated cirrhosis,A patient with chronic hepatitis C has progressive abdominal distension and ankle edema.,"Exam shows spider angiomas, palmar erythema, splenomegaly, and bulging flanks.",Diagnostic paracentesis shows SAAG of 1.5.,Ascitic total protein is low.,"Platelets and albumin are low, and INR is elevated.",Ultrasound shows a nodular liver and portal vein dilation.,"Cirrhosis causes ascites through portal hypertension, hypoalbuminemia, and renal sodium retention, producing high-SAAG, low-protein ascitic fluid.",SAAG >=1.1 indicates portal hypertension; cirrhotic ascites has low protein; always tap new/worsening ascites to exclude SBP.
Spontaneous bacterial peritonitis,SBP; infected cirrhotic ascites; spontaneous peritonitis,"A cirrhotic patient with known ascites develops fever, diffuse abdominal pain, and confusion.",The abdominal exam is less dramatic than expected for the degree of illness.,Paracentesis shows 410 neutrophils/mm3.,Ascitic culture grows a single enteric organism.,There is no free air or polymicrobial fluid profile.,Cefotaxime and albumin are started promptly.,"SBP is monomicrobial infection of cirrhotic ascites due to bacterial translocation, diagnosed by ascitic PMNs over 250 cells/mm3.",Cirrhotic ascites + fever/pain/encephalopathy; PMN >250 = treat; low-protein ascites risk; distinguish from secondary peritonitis.
Diverticular bleeding,diverticular hemorrhage; bleeding colonic diverticulosis,A 76-year-old suddenly passes a large amount of maroon blood.,He has no abdominal pain and his abdomen is soft and nontender.,He takes aspirin and has chronic constipation.,"Hemoglobin falls rapidly, but fever and leukocytosis are absent.",Colonoscopy after prep identifies a bleeding diverticulum.,The bleeding stops spontaneously during observation.,"Diverticular bleeding is arterial rupture of vasa recta at diverticula, causing sudden painless large-volume hematochezia in older adults.",Most common significant adult LGIB; painless massive hematochezia; soft nontender abdomen; colonoscopy/CTA/tagged RBC depending stability.
Colorectal cancer,colon cancer; rectal cancer; colorectal adenocarcinoma; CRC,A 63-year-old reports progressive constipation and thinner stools over six months.,He has unintentional weight loss and fatigue.,CBC shows microcytic iron deficiency anemia.,Fecal occult blood testing is positive.,CT shows an apple-core lesion in the sigmoid colon.,Colonoscopy with biopsy is arranged for diagnosis.,"Colorectal cancer causes occult or visible bleeding, iron deficiency anemia, weight loss, and progressive changes in bowel habits or obstruction.",Age >50; weight loss; change in bowel habits; iron deficiency anemia; blood mixed with stool; apple-core lesion; colonoscopy with biopsy.
Ischemic colitis,colonic ischemia; ischemic colopathy,An 81-year-old with atrial fibrillation and atherosclerosis develops sudden crampy LLQ pain.,Several hours later she passes small-volume bloody stool.,Exam shows left-sided tenderness without initially diffuse peritonitis.,CT shows segmental colonic wall thickening and thumbprinting near a watershed region.,"Lactate is normal, arguing against transmural infarction.",Symptoms began after a hypotensive episode during dialysis.,"Ischemic colitis is hypoperfusion of vulnerable watershed colon, causing crampy left-sided pain followed by hematochezia and segmental thumbprinting.",Pain before bleeding; elderly vascular patient; watershed areas; thumbprinting; segmental mucosal injury; lactate/peritonitis suggests severe ischemia.
Ulcerative colitis,UC; ulcerative proctocolitis; mucosal inflammatory bowel disease,"A 25-year-old nonsmoker has months of bloody diarrhea, urgency, and tenesmus.",Stool contains mucus and blood mixed together.,Colonoscopy shows continuous inflammation starting at the rectum.,Biopsy reveals crypt abscesses and mucosal inflammation.,pANCA is positive.,He also has cholestatic liver tests concerning for PSC.,"Ulcerative colitis is continuous mucosal inflammation beginning in the rectum, causing bloody diarrhea, urgency, tenesmus, crypt abscesses, and PSC association.",Bloody diarrhea; rectum always involved; continuous disease; mucosal/submucosal only; pANCA; PSC; no fistulas/skip lesions.
Internal hemorrhoids,hemorrhoids; bleeding internal hemorrhoids; painless hemorrhoidal bleeding,A 36-year-old with constipation sees bright red blood on toilet paper after straining.,The blood coats the stool rather than being mixed into it.,Defecation is not painful.,Anoscopy shows dilated vascular cushions above the dentate line.,Hemoglobin is normal.,There are no systemic symptoms or weight loss.,"Internal hemorrhoids are dilated submucosal vascular cushions above the dentate line, causing painless bright red blood on paper or coating stool.",Blood on toilet paper/coating stool; painless if internal; constipation/straining/pregnancy; anoscopy; do not assume in older patients without workup.
Anal fissure,posterior midline fissure; painful anal fissure,A patient has severe tearing pain during and after defecation.,Only a small amount of bright red blood appears on the toilet paper.,He has a history of hard stools and constipation.,Exam with gentle separation reveals a posterior midline linear tear.,A sentinel skin tag is present.,An off-midline lesion would raise concern for Crohn disease or infection.,"An anal fissure is a tear in the anoderm, usually posterior midline, producing severe pain with defecation and small bright red bleeding.",Severe defecation pain; posterior midline tear; small BRBPR on paper; constipation; off-midline suggests Crohn/TB/syphilis.
Small bowel obstruction,SBO; adhesive small bowel obstruction; mechanical small bowel obstruction,A 64-year-old with prior colectomy develops crampy periumbilical pain in waves.,He has bilious vomiting and progressive distension.,He has not passed stool or flatus.,Exam reveals high-pitched bowel sounds and a tympanitic abdomen.,CT shows dilated small bowel loops with a transition point near an adhesion.,Lactate is normal and there are no peritoneal signs.,"SBO is mechanical blockage of small bowel, most often adhesions after surgery, producing colicky pain, bilious vomiting, distension, obstipation, and air-fluid levels.",Prior surgery/adhesions; colicky pain; bilious vomiting; obstipation; dilated small bowel + transition point; lactate/peritonitis = strangulation.
Large bowel obstruction,LBO; colonic obstruction; obstructing colon cancer,A 71-year-old has weeks of constipation followed by acute obstipation and marked distension.,Vomiting is late and feculent.,CT shows a distal sigmoid mass with proximal colonic dilation.,Cecal diameter is concerning for perforation risk.,The abdomen is tympanitic but bowel sounds are decreased.,Colonoscopy with biopsy is needed after stabilization if feasible.,"LBO causes distal colonic blockage with massive distension, obstipation, late vomiting, and a transition point, commonly from colorectal cancer.",Massive distension; obstipation; late feculent vomiting; CRC/volvulus/diverticular stricture; cecum >12 cm risks perforation.
Sigmoid volvulus,adult sigmoid volvulus; sigmoid colon volvulus,An elderly nursing home resident with chronic constipation develops sudden distension and obstipation.,He has crampy abdominal pain but initially no peritoneal signs.,Abdominal x-ray shows a massively dilated loop shaped like a coffee bean pointing to the RUQ.,The suspected twist is in the left lower quadrant.,Lactate is normal.,Urgent flexible sigmoidoscopic detorsion is planned.,"Sigmoid volvulus is axial twisting of the sigmoid colon causing closed-loop large bowel obstruction, classically in elderly institutionalized constipated patients.",Elderly/institutionalized; chronic constipation; massive distension + obstipation; coffee bean to RUQ; endoscopic detorsion unless ischemia/perforation.
Cecal volvulus,cecal volvulus; mobile cecum volvulus,A 39-year-old pregnant patient develops sudden severe abdominal distension and obstipation.,She has prior abdominal surgery.,X-ray shows a kidney-bean shaped dilated cecum displaced to the LUQ.,Vomiting becomes feculent late.,The process is a closed-loop obstruction.,Definitive management is surgical rather than endoscopic detorsion.,"Cecal volvulus is twisting of a mobile cecum, causing closed-loop obstruction in a younger patient, often with kidney-bean/comma sign displaced to the LUQ.",Younger patient; mobile cecum/prior surgery/pregnancy; kidney bean in LUQ; requires surgery rather than endoscopic detorsion.
Celiac disease,celiac sprue; gluten-sensitive enteropathy; gluten enteropathy,"A 31-year-old has chronic bloating, weight loss, and foul floating stools.",She has iron deficiency anemia despite adequate intake.,A pruritic vesicular rash appears on extensor elbows.,Anti-tTG IgA is positive and total IgA is normal.,Duodenal biopsy shows villous atrophy with crypt hyperplasia and intraepithelial lymphocytes.,Symptoms improve on a gluten-free diet.,"Celiac disease is immune reaction to gluten causing small-bowel villous atrophy, malabsorption, steatorrhea, iron/folate deficiency, and dermatitis herpetiformis.",Steatorrhea; iron/folate deficiency; dermatitis herpetiformis; anti-tTG IgA + total IgA; duodenal biopsy confirms; gluten-free diet.
Irritable bowel syndrome,IBS; irritable bowel syndrome diarrhea predominant; functional bowel disorder,A 28-year-old has recurrent abdominal pain that improves after defecation.,Stool frequency and form change during episodes.,Symptoms worsen with stress and improve during vacation.,"There is no nocturnal diarrhea, weight loss, blood, fever, or anemia.","CBC, CRP, TSH, celiac serologies, and stool studies are normal.",The presentation meets Rome criteria.,"IBS is a disorder of gut-brain interaction with chronic recurrent abdominal pain related to defecation and changes in stool frequency/form, without inflammatory or structural disease.",Pain relieved/related to defecation; no nocturnal symptoms; normal labs; no blood/weight loss/anemia; Rome IV; diagnosis after excluding red flags.
Clostridioides difficile colitis,C difficile; C diff colitis; pseudomembranous colitis,A 69-year-old develops watery diarrhea after clindamycin for cellulitis.,"He has lower abdominal cramping, fever, and leukocytosis.",Stool PCR detects toxin genes.,Creatinine is elevated from dehydration.,CT shows colonic wall thickening with an accordion pattern.,"Colonoscopy, if performed, would show yellow-white pseudomembranes.","C. difficile colitis follows disruption of normal flora after antibiotics or healthcare exposure, producing watery diarrhea, leukocytosis, and pseudomembranous colitis.","Recent antibiotics/hospitalization; watery diarrhea; leukocytosis; pseudomembranes; PCR sensitive, toxin EIA specific; oral vancomycin/fidaxomicin."
Hirschsprung disease,congenital aganglionic megacolon; Hirschsprung,A term newborn with trisomy 21 fails to pass meconium by 60 hours.,He develops abdominal distension and bilious vomiting.,Digital rectal exam finds an empty rectum.,Withdrawal of the finger causes explosive stool and gas.,Contrast enema shows a transition zone.,Rectal suction biopsy lacks ganglion cells.,Hirschsprung disease is failure of neural crest migration causing distal aganglionosis and functional obstruction with delayed meconium passage.,Failure to pass meconium >48h; empty rectum; explosive stool after exam; Down/RET; transition zone; rectal suction biopsy confirms.
Meconium ileus due to cystic fibrosis,meconium ileus; cystic fibrosis meconium ileus; neonatal CF obstruction,A newborn fails to pass meconium and develops bilious vomiting from birth.,The abdomen is distended with doughy palpable bowel loops.,X-ray shows a soap-bubble ground-glass appearance in the RLQ without air-fluid levels.,Contrast enema shows microcolon.,Sweat chloride is greater than 60 mEq/L.,The underlying problem is thick inspissated meconium from pancreatic insufficiency.,Meconium ileus is neonatal terminal ileal obstruction from thick meconium due to cystic fibrosis and exocrine pancreatic insufficiency.,Failure to pass meconium; bilious vomiting; soap-bubble RLQ; microcolon; sweat chloride positive; meconium ileus = CF until proven otherwise.
Pyloric stenosis,hypertrophic pyloric stenosis; infantile pyloric stenosis,A 4-week-old firstborn boy has progressive nonbilious projectile vomiting.,He is hungry immediately after vomiting.,Exam reveals an olive-shaped epigastric mass after feeding.,Visible peristaltic waves move left to right.,Labs show hypochloremic hypokalemic metabolic alkalosis.,Ultrasound shows thickened pyloric muscle and elongated channel.,"Hypertrophic pyloric stenosis causes gastric outlet obstruction in young infants, producing nonbilious projectile vomiting, hunger after emesis, olive mass, and hypochloremic metabolic alkalosis.",2-6 weeks; firstborn male; nonbilious projectile vomiting; hungry after; olive; hypochloremic hypokalemic metabolic alkalosis; ultrasound diagnosis.
Intussusception,ileocolic intussusception; bowel telescoping,A 10-month-old has sudden episodes of screaming and drawing knees to the chest.,Between episodes he appears tired but relatively comfortable.,"Vomiting develops, followed later by currant jelly stool.",Exam finds a sausage-shaped RUQ mass and emptiness in the RLQ.,Ultrasound shows a target sign.,Air enema is both diagnostic and therapeutic.,"Intussusception is telescoping of proximal bowel into distal bowel, usually ileocolic, producing episodic colicky pain, currant jelly stool, target sign, and a reducible obstruction.",Episodic pain with knees to chest; well intervals; currant jelly late; sausage mass; target sign; air/contrast enema treats.
Malrotation with midgut volvulus,midgut volvulus; malrotation volvulus; neonatal volvulus,A 6-day-old suddenly develops bilious vomiting and abdominal distension.,He rapidly becomes lethargic with metabolic acidosis.,The abdomen is tender and nasogastric output is green.,Upper GI series shows a corkscrew appearance and the duodenum fails to cross midline.,"Lactate is elevated, suggesting ischemia.",Emergency Ladd procedure is required.,"Malrotation predisposes the midgut to volvulus around the SMA, causing bilious vomiting in neonates and rapid intestinal ischemia.",Bilious vomiting in neonate = emergency; corkscrew upper GI; abnormal DJ junction; lactate/acidosis ischemia; Ladd procedure.
Meckel diverticulum,Meckel's diverticulum; vitelline duct remnant; omphalomesenteric duct remnant,A 20-month-old boy has painless maroon rectal bleeding.,He is otherwise playful and afebrile.,Hemoglobin is low from recurrent episodes.,Abdominal exam is benign.,Technetium-99m pertechnetate scan is positive.,The lesion contains ectopic gastric mucosa that ulcerates adjacent ileum.,"Meckel diverticulum is a vitelline duct remnant that may contain ectopic gastric mucosa, causing painless rectal bleeding in young children.",Painless rectal bleeding child <2; rule of 2s; ectopic gastric mucosa; technetium-99m scan; true diverticulum.
Necrotizing enterocolitis,NEC; neonatal necrotizing enterocolitis,A premature formula-fed infant develops feeding intolerance and abdominal distension.,Bloody stools and bilious residuals are noted.,The infant becomes lethargic with temperature instability and apnea.,Labs show thrombocytopenia and metabolic acidosis.,Abdominal radiograph shows pneumatosis intestinalis.,"Portal venous gas would indicate severe disease, and free air would mandate surgery.","NEC is inflammatory and ischemic necrosis of neonatal bowel, usually in premature infants, with feeding intolerance, bloody stool, and pneumatosis intestinalis.",Prematurity + feeding intolerance + distension + bloody stool; pneumatosis intestinalis pathognomonic; portal venous gas severe; pneumoperitoneum surgery.
Achalasia,achalasia; primary achalasia; esophageal aperistalsis,A 43-year-old has progressive dysphagia to both solids and liquids from the beginning.,He regurgitates undigested food at night and has a chronic cough.,There is weight loss but no heartburn-dominant history.,Barium swallow shows smooth bird-beak tapering with proximal dilation.,Manometry shows absent peristalsis and incomplete LES relaxation.,"Symptoms are not limited to solids first, arguing against mechanical obstruction.","Achalasia is loss of inhibitory neurons in the myenteric plexus causing absent peristalsis and impaired LES relaxation, with dysphagia to solids and liquids from onset.",Dysphagia to solids and liquids simultaneously; regurgitation undigested food; bird-beak; manometry gold standard; Chagas possible.
Esophageal adenocarcinoma,distal esophageal adenocarcinoma; Barrett-associated esophageal cancer; GEJ adenocarcinoma,A 66-year-old obese white man with decades of reflux develops progressive dysphagia.,Difficulty begins with steak and later includes liquids.,He has weight loss and early satiety.,Prior endoscopy showed Barrett esophagus.,EGD reveals an ulcerated distal esophageal mass at the GE junction.,Biopsy confirms malignant gland-forming cells.,Esophageal adenocarcinoma arises from Barrett metaplasia in the distal esophagus/GEJ and causes progressive dysphagia with weight loss.,GERD/Barrett; obese white male; distal/GEJ; progressive solids to liquids dysphagia; weight loss; EGD biopsy diagnosis.
Esophageal squamous cell carcinoma,esophageal SCC; squamous esophageal cancer; mid esophageal carcinoma,A 59-year-old man with long alcohol and tobacco use has progressive dysphagia.,Symptoms began with solids and now include liquids.,He has weight loss and hoarseness.,Barium swallow shows an irregular mucosal filling defect in the mid-esophagus.,There is no Barrett history.,Biopsy reveals squamous malignancy.,"Esophageal squamous cell carcinoma arises in upper/mid esophageal squamous epithelium and is linked to alcohol, tobacco, achalasia, and progressive dysphagia.",Alcohol + tobacco; upper/mid esophagus; progressive solids to liquids; weight loss; irregular filling defect; achalasia increases risk.
Eosinophilic esophagitis,EoE; eosinophilic esophagitis; allergic esophagitis,A 23-year-old man with asthma and eczema has recurrent episodes of steak getting stuck.,He has intermittent solid-food dysphagia but can swallow liquids between episodes.,PPI therapy has not resolved symptoms.,"Endoscopy shows concentric rings, longitudinal furrows, and white exudates.",Biopsy shows at least 15 eosinophils per high-power field.,Peripheral eosinophilia is present but not required.,EoE is antigen-driven eosinophilic inflammation of the esophagus causing intermittent solid-food dysphagia and food impaction in young atopic patients.,Young atopic male; food impaction; rings/furrows/white exudates; >=15 eos/hpf; intermittent solids; poor PPI-only response.
Candida esophagitis,esophageal candidiasis; Candida infectious esophagitis,A patient with AIDS and CD4 count of 90 has painful swallowing.,White plaques are visible on the tongue and oropharynx.,"EGD, if performed, would show adherent white plaques that do not wash off.",Biopsy would show pseudohyphae.,He has dysphagia secondary to pain rather than mechanical obstruction.,Empiric fluconazole is started without waiting for endoscopy.,"Candida esophagitis is opportunistic infection causing odynophagia in immunocompromised patients, often with thrush and adherent white plaques.",Odynophagia + immunocompromised; thrush; white plaques; pseudohyphae; most common infectious esophagitis; fluconazole empirically if classic.
CMV esophagitis,cytomegalovirus esophagitis; CMV infectious esophagitis,A transplant recipient develops severe odynophagia without oral thrush.,EGD shows large shallow linear ulcers in the distal esophagus.,Biopsy from the ulcer base shows owl-eye intranuclear inclusions.,CD4 count is very low.,Lesions are not small punched-out ulcers.,Ganciclovir is started.,CMV esophagitis causes odynophagia in severely immunocompromised patients with large shallow linear distal ulcers and owl-eye inclusions.,Immunocompromised odynophagia; no thrush; large linear distal ulcers; owl-eye inclusions; treat ganciclovir.
HSV esophagitis,herpes simplex esophagitis; HSV infectious esophagitis,An immunocompromised patient has abrupt odynophagia and substernal pain.,EGD shows multiple small punched-out ulcers in the mid-esophagus.,Biopsy from the ulcer edge shows multinucleated giant cells.,Cowdry type A intranuclear inclusions are present.,There is no oral thrush.,Acyclovir is prescribed.,HSV esophagitis is opportunistic viral esophageal infection causing odynophagia with multiple small punched-out mid-esophageal ulcers and multinucleated giant cells.,Odynophagia; immunocompromised; punched-out/volcano ulcers; multinucleated giant cells and Cowdry A; treat acyclovir.
Acute mesenteric ischemia,AMI; embolic mesenteric ischemia; intestinal ischemia,A 78-year-old with atrial fibrillation develops sudden severe abdominal pain.,The abdomen is initially soft with pain out of proportion to exam.,"He has nausea, vomiting, and later bloody stool.",Lactate and anion gap metabolic acidosis rise.,CTA shows an SMA embolus.,Urgent revascularization is required.,"Acute mesenteric ischemia is sudden intestinal hypoperfusion, often SMA embolus from atrial fibrillation, producing severe pain out of proportion and metabolic acidosis.",Pain out of proportion; AF/SMA embolus; lactate/acidosis; bloody stool late; CTA diagnosis; urgent revascularization/surgery.
Toxic megacolon,toxic megacolon; fulminant colitis with megacolon,"A patient with ulcerative colitis flare develops fever, tachycardia, hypotension, and worsening abdominal distension.",He has frequent bloody diarrhea.,Plain abdominal film shows transverse colon dilation greater than 6 cm.,There is leukocytosis and anemia.,Colonoscopy is avoided because of perforation risk.,IV steroids and surgical consultation are urgent.,"Toxic megacolon is acute colonic dilation with systemic toxicity from severe colitis, classically UC or C. difficile.",Colitis + systemic toxicity + colon dilation >6 cm; avoid colonoscopy/barium; UC and C diff causes; perforation risk; urgent medical/surgical management.
Primary sclerosing cholangitis,PSC; primary sclerosing cholangitis,"A 32-year-old man with ulcerative colitis has fatigue, pruritus, and cholestatic liver tests.",ALP and GGT are disproportionately elevated.,MRCP shows multifocal strictures and dilations with a beaded biliary tree.,Autoantibodies include pANCA.,He is at increased risk for cholangiocarcinoma.,Symptoms do not resolve after colectomy.,"PSC is inflammatory fibrosis of intrahepatic and extrahepatic bile ducts, strongly associated with ulcerative colitis and causing cholestatic labs and beading on MRCP.",UC association; cholestatic ALP/GGT; beaded ducts on MRCP; pANCA; cholangiocarcinoma risk; persists after colectomy.
Primary biliary cholangitis,PBC; primary biliary cirrhosis; autoimmune cholangitis,A 54-year-old woman has months of pruritus and fatigue.,Labs show elevated alkaline phosphatase with mild bilirubin elevation.,Antimitochondrial antibody is positive.,She has xanthelasmas and hyperlipidemia.,There is no large-duct beading on MRCP.,Ursodeoxycholic acid is started.,"PBC is autoimmune destruction of small intrahepatic bile ducts, causing cholestasis in middle-aged women and strongly associated with antimitochondrial antibodies.",Middle-aged woman; pruritus/fatigue; ALP high; AMA positive; small intrahepatic ducts; xanthomas; ursodeoxycholic acid.
Budd-Chiari syndrome,hepatic vein thrombosis; Budd Chiari; hepatic venous outflow obstruction,"A young woman on estrogen therapy develops acute RUQ pain, hepatomegaly, and ascites.",She has a history of myeloproliferative disease.,Doppler ultrasound shows absent flow in the hepatic veins.,Liver enzymes and bilirubin are elevated.,SAAG is high and ascitic protein is also high.,The mechanism is hepatic venous outflow obstruction.,"Budd-Chiari syndrome is hepatic venous outflow obstruction, usually thrombosis, causing RUQ pain, hepatomegaly, ascites, and high-SAAG high-protein fluid.",RUQ pain + hepatomegaly + ascites; hypercoagulable/OCP/myeloproliferative risk; hepatic vein thrombosis on Doppler; high SAAG high protein.
Zollinger-Ellison syndrome,ZES; gastrinoma; gastrin-secreting tumor,A patient has recurrent peptic ulcers despite high-dose acid suppression.,Ulcers are found in the distal duodenum and jejunum.,He also has chronic diarrhea and weight loss.,Fasting serum gastrin is markedly elevated.,Gastric pH is very low.,Secretin stimulation paradoxically increases gastrin.,"Zollinger-Ellison syndrome is gastrin excess from gastrinoma causing profound acid hypersecretion, refractory/multiple distal ulcers, GERD, and diarrhea.",Refractory multiple ulcers; distal duodenum/jejunum; diarrhea/steatorrhea; high fasting gastrin + low gastric pH; secretin increases gastrin; MEN1.
Diverticulitis,acute diverticulitis; sigmoid diverticulitis,"A 62-year-old has LLQ pain, fever, and a change in bowel habits.",Exam shows focal LLQ tenderness and voluntary guarding.,WBC count is elevated.,CT abdomen with contrast shows sigmoid wall thickening and pericolonic fat stranding.,Colonoscopy is avoided during the acute episode.,He will need interval colonoscopy after recovery to exclude malignancy.,"Diverticulitis is microperforation of a diverticulum causing localized colonic inflammation, most often sigmoid, with LLQ pain, fever, and CT fat stranding.",LLQ pain + fever + older patient; CT with sigmoid fat stranding/wall thickening; avoid acute colonoscopy; complications abscess/fistula/perforation.
Chronic pancreatitis,chronic pancreatitis; pancreatic exocrine insufficiency from chronic pancreatitis,A 52-year-old with long alcohol and tobacco use has chronic epigastric pain radiating to the back.,He sits forward for relief.,"He has bulky oily stools, weight loss, and new diabetes.",Lipase is normal despite symptoms.,CT shows pancreatic calcifications.,Fecal elastase is low.,"Chronic pancreatitis is irreversible pancreatic fibrosis causing chronic pain plus exocrine insufficiency, steatorrhea, weight loss, and later diabetes, often with calcifications.",Chronic alcohol/smoking; epigastric pain to back; steatorrhea; diabetes; pancreatic calcifications pathognomonic; lipase may be normal; fecal elastase low.
Peptic ulcer disease with upper GI bleed,PUD bleed; bleeding peptic ulcer; duodenal ulcer bleed; gastric ulcer bleed,A 46-year-old develops melena after weeks of nocturnal epigastric pain.,The discomfort wakes him around 2 AM and is relieved by antacids.,He recently tested positive on urea breath testing but did not complete treatment.,"Hemoglobin has fallen, and BUN:Cr is greater than 20.",Endoscopy shows a cratered lesion in the duodenal bulb with a visible vessel.,There is no preceding forceful retching.,"Bleeding peptic ulcer disease is the most common upper GI bleed source and is supported by H. pylori or NSAID risk, epigastric pain, melena, and an elevated BUN:Cr ratio from digested blood protein.",H. pylori/NSAIDs; epigastric pain; melena or coffee-ground emesis; BUN:Cr >20; endoscopy diagnostic and therapeutic.
Esophageal varices,variceal bleed; bleeding esophageal varices; portal hypertensive varices,A patient with chronic hepatitis C and known portal hypertension presents after painless hematemesis.,He had a prior episode requiring band ligation.,Physical exam shows caput medusae and shifting dullness.,Labs show thrombocytopenia and coagulopathy.,"The abdomen is not rigid, and lipase is normal.",Endoscopy reveals large distal esophageal columns with red wale markings.,"Portal hypertension dilates the esophageal venous plexus, and rupture causes painless, often massive hematemesis in a patient with cirrhosis and coagulopathy.",Cirrhosis/portal HTN; painless large-volume hematemesis; thrombocytopenia; elevated INR; highest-mortality UGIB pattern.
Mallory-Weiss tear,Mallory Weiss tear; GE junction mucosal tear; post-retching hematemesis,A pregnant patient with hyperemesis presents after a frightening episode of hematemesis.,She reports that the first many episodes of vomiting were clear and nonbloody.,The bleeding started only after forceful retching.,Vital signs stabilize with fluids and the bleeding slows.,There is no history of NSAID use or chronic liver disease.,The suspected lesion is usually self-limited and located at the GE junction.,A Mallory-Weiss tear is a longitudinal mucosal tear at the gastroesophageal junction caused by sudden increases in intraabdominal pressure from retching.,"Vomiting first, then hematemesis; GE junction linear tear; alcoholism, bulimia, hyperemesis; usually self-limited."
Acute cholecystitis,cholecystitis; acute calculous cholecystitis; cystic duct obstruction,A patient losing weight rapidly after bariatric surgery develops persistent RUQ pain.,The pain no longer comes and goes like prior biliary colic episodes.,Temperature is 38.3 C and WBC count is elevated.,Sonographic Murphy sign is present.,Common bile duct diameter is not significantly enlarged.,HIDA scan would be used if ultrasound were equivocal.,"Acute cholecystitis is inflammation from cystic duct obstruction, producing constant RUQ pain, fever, Murphy sign, and gallbladder inflammatory changes on ultrasound.",Constant RUQ pain; right shoulder/scapula radiation; fever; Murphy sign; gallstones + wall thickening/pericholecystic fluid.
Ascending cholangitis,cholangitis; acute ascending cholangitis; infected choledocholithiasis,A woman develops rigors and scleral icterus two weeks after an episode of biliary colic.,"RUQ tenderness is present, and she has dark urine and pale stools.",Blood pressure falls and mental status worsens.,"WBC count is high, and liver tests show an obstructive pattern.",MRCP suggests a distal common bile duct stone.,The key syndrome is Charcot triad with progression to Reynold pentad.,"Ascending cholangitis occurs when an obstructed biliary system becomes infected, causing RUQ pain, fever, jaundice, and sometimes shock or altered mental status.",Charcot triad = fever + RUQ pain + jaundice; Reynold pentad adds hypotension and AMS; ALP/GGT/direct bilirubin high; dilated CBD; ERCP treats.
Acute hepatitis,acute hepatocellular hepatitis; acute liver injury; acute viral hepatitis pattern,"A patient presents with jaundice, tender hepatomegaly, and a flu-like prodrome.",He reports a recent needlestick injury.,AST/ALT are markedly elevated out of proportion to ALP.,"INR is mildly increased, raising concern for severe hepatocellular injury.",Bilirubin is mixed but predominantly conjugated during the icteric phase.,Imaging is obtained mainly to exclude biliary obstruction.,"Acute hepatitis causes hepatocellular injury with prodrome, jaundice, RUQ discomfort, and very high transaminases, often far exceeding the cholestatic enzymes.",Viral/drug/toxic exposure; malaise and anorexia; AST/ALT often >1000; jaundice/dark urine; rule out obstruction.
Perforated peptic ulcer,perforated ulcer; perforated duodenal ulcer; perforated gastric ulcer,A patient with weeks of ulcer-like epigastric pain now has abrupt maximal abdominal pain.,He is tachycardic and has involuntary guarding.,The pain is not colicky and does not localize to McBurney point.,CT abdomen shows pneumoperitoneum.,History reveals untreated H. pylori and intermittent steroid use.,This complication requires urgent surgical evaluation.,"Full-thickness ulcer perforation spills gastric or duodenal contents into the peritoneum, causing sudden severe pain, rigid abdomen, peritonitis, and free intraperitoneal air.",Sudden maximal pain; rigid abdomen; peritonitis; H. pylori/NSAIDs; free air under diaphragm = perforation.
Gastroesophageal reflux disease,GERD; reflux esophagitis; erosive esophagitis,A pregnant patient reports epigastric burning that rises into the chest after spicy foods.,She has hoarseness in the morning and bitter fluid in the mouth.,The exam is unremarkable except for dental enamel erosion.,Symptoms are worse with bending over.,"There is no odynophagia, food impaction, or progressive dysphagia.",Lifestyle changes and acid suppression improve the episodes.,"GERD results from lower esophageal sphincter dysfunction with acid reflux, producing postprandial and positional burning pain with regurgitation.",Burning substernal/epigastric pain; worse after meals or lying flat; sour regurgitation; antacid/PPI response; alarm symptoms need endoscopy.
Acute pancreatitis,pancreatitis; gallstone pancreatitis; alcoholic pancreatitis,A 62-year-old with gallstones develops constant epigastric pain and vomiting.,ALT is markedly elevated early in the course.,"Lipase is high, and ultrasound shows gallstones without gallbladder wall thickening as the main issue.",She prefers sitting forward because lying flat worsens the pain.,Cullen and Grey Turner signs are absent.,The suspected mechanism is transient obstruction at the ampulla.,"Acute pancreatitis is pancreatic enzyme activation causing severe epigastric pain radiating to the back, relief leaning forward, and lipase elevation above three times normal.",Epigastric pain to back; better leaning forward; lipase >3x ULN; gallstones/alcohol; ALT >150 suggests gallstone cause.
Gastritis,acute gastritis; chronic gastritis; H pylori gastritis; autoimmune gastritis,A patient with autoimmune thyroid disease reports vague epigastric discomfort and fatigue.,"CBC shows macrocytosis, and B12 is low.",Intrinsic factor antibodies are detected.,Gastrin is elevated because acid secretion is reduced.,Endoscopy shows atrophic changes in the body and fundus without a punched-out ulcer.,Neurologic symptoms include paresthesias and impaired vibration sense.,"Gastritis is gastric mucosal inflammation without a discrete ulcer; H. pylori, NSAIDs, alcohol, and autoimmune parietal cell destruction are common causes.","Epigastric discomfort/nausea; no discrete ulcer on endoscopy; H. pylori/NSAIDs; autoimmune gastritis causes B12 deficiency, achlorhydria, high gastrin."
Acute appendicitis,appendicitis; inflamed appendix,A pregnant patient in the second trimester has migrating abdominal pain and low-grade fever.,She has anorexia and leukocytosis.,"Pain is worsened by right hip extension, suggesting a retrocecal position.",Urinalysis and beta-hCG evaluation do not explain the presentation.,"Ultrasound is nondiagnostic, so MRI is obtained.",The key sequence is pain before vomiting with progressive focal tenderness.,"Appendiceal lumen obstruction causes distension and inflammation, classically producing periumbilical pain that migrates to the RLQ with anorexia and leukocytosis.",Periumbilical to RLQ migration; anorexia; pain before vomiting; McBurney/Rovsing/psoas/obturator signs; CT gold standard in nonpregnant adults.
Crohn disease,Crohn; Crohn's disease; regional enteritis; transmural IBD,A young adult has recurrent RLQ pain and diarrhea with oral aphthous ulcers.,She recently developed a perianal abscess.,"B12 is low, suggesting terminal ileal involvement.","CT enterography shows bowel wall thickening, strictures, and fistulous tracts.",ASCA is positive while pANCA is negative.,Smoking has made the disease course worse.,"Crohn disease is transmural, skip-lesion inflammatory bowel disease that commonly involves the terminal ileum and causes fistulas, strictures, perianal disease, and nonbloody diarrhea.",Transmural; skip lesions; terminal ileum/RLQ; fistulas/strictures/perianal disease; ASCA; smoking worsens; B12 deficiency possible.
Hemolytic anemia,hemolysis; hemolytic jaundice; prehepatic jaundice,A young man develops jaundice after an infection treated with an oxidizing medication.,"AST, ALT, ALP, and GGT are not significantly elevated.",Indirect bilirubin rises with high LDH.,Haptoglobin falls and reticulocytes increase.,The spleen is mildly enlarged.,The key abnormality is accelerated red blood cell destruction rather than hepatocyte injury.,"Hemolysis overwhelms hepatic conjugation capacity, causing unconjugated hyperbilirubinemia with elevated LDH, low haptoglobin, and reticulocytosis.",Indirect bilirubin; high LDH; low haptoglobin; high reticulocytes; no bilirubinuria; smear and Coombs help identify cause.
Gilbert syndrome,Gilbert; Gilbert disease; benign unconjugated hyperbilirubinemia,A runner has intermittent jaundice after strenuous exercise and a viral illness.,"He has no pruritus, abdominal pain, dark bilirubin-positive urine, or weight loss.",Liver enzymes and alkaline phosphatase are normal.,Unconjugated bilirubin is isolated.,Hemoglobin and smear are normal.,The underlying issue is reduced UGT1A1 activity.,"Gilbert syndrome is benign reduced bilirubin conjugation causing intermittent isolated unconjugated hyperbilirubinemia triggered by fasting, illness, stress, or exertion.",Mild isolated indirect bilirubin; normal CBC and LFTs; fasting/stress/illness trigger; benign UGT1A1 deficiency.
Alcoholic hepatitis,alcohol-associated hepatitis; alcoholic steatohepatitis,A malnourished patient with chronic alcohol intake presents with acute hepatic decompensation.,"He has jaundice, ascites, and mild asterixis.","AST:ALT ratio is greater than 2:1, with AST below 400.",Ultrasound shows fatty liver and portal hypertension.,Viral hepatitis serologies are negative.,Maddrey discriminant function is calculated to assess severity.,"Alcoholic hepatitis causes acute hepatocellular injury from alcohol with jaundice, tender hepatomegaly, AST:ALT >2:1, elevated GGT, and AST usually under 400.",Heavy alcohol use; jaundice; tender hepatomegaly; AST:ALT >2:1; AST rarely >400; elevated GGT/INR; Maddrey DF for severity.
Choledocholithiasis,common bile duct stone; biliary obstruction from gallstone; obstructive choledocholithiasis,"A woman with gallstones presents with pale stools, pruritus, and mild RUQ discomfort.",Labs show a cholestatic pattern and conjugated hyperbilirubinemia.,Lipase is normal.,The gallbladder is not palpably distended.,CBD diameter is greater than expected for age.,ERCP is both diagnostic and therapeutic if obstruction persists.,"Choledocholithiasis is a gallstone obstructing the common bile duct, producing conjugated hyperbilirubinemia, cholestatic enzymes, dark urine, pale stools, and ductal dilation.",RUQ pain + obstructive labs; direct bilirubin and ALP/GGT high; dilated CBD; MRCP/EUS visualizes; ERCP treats.
Pancreatic head cancer,pancreatic head adenocarcinoma; pancreatic head malignancy; periampullary pancreatic cancer,"An older patient reports fatigue, anorexia, and dull back discomfort with jaundice.",There is no fever or biliary colic history.,Labs show conjugated hyperbilirubinemia and markedly elevated ALP.,Courvoisier sign is present.,Cross-sectional imaging shows a mass at the pancreatic head.,The lack of pain and progressive course argue against a CBD stone.,"A pancreatic head mass compresses the distal bile duct, causing painless progressive obstructive jaundice, weight loss, Courvoisier sign, and the double-duct sign.",Painless progressive jaundice; weight loss; Courvoisier sign; double duct sign; smoking/chronic pancreatitis/diabetes risk; CA 19-9 not diagnostic alone.
Cirrhotic ascites,ascites due to cirrhosis; portal hypertensive ascites; decompensated cirrhosis,A man with NASH cirrhosis gains abdominal girth despite muscle wasting.,There is shifting dullness and a fluid wave.,Paracentesis is performed because this is new ascites.,Fluid analysis shows high SAAG with low protein and PMNs below 250.,No malignant cells are seen.,Renal sodium retention and portal hypertension drive the fluid accumulation.,"Cirrhosis causes ascites through portal hypertension, hypoalbuminemia, and renal sodium retention, producing high-SAAG, low-protein ascitic fluid.",SAAG >=1.1 indicates portal hypertension; cirrhotic ascites has low protein; always tap new/worsening ascites to exclude SBP.
Spontaneous bacterial peritonitis,SBP; infected cirrhotic ascites; spontaneous peritonitis,A patient hospitalized for variceal bleeding becomes encephalopathic with worsening ascites.,Temperature is 38.5 C and WBC count is elevated.,Ascitic fluid PMN count is greater than 250.,"Fluid protein is low, reflecting poor opsonization.",Blood cultures may also be positive.,Secondary peritonitis is considered because perforation would usually be polymicrobial with low glucose and high LDH.,"SBP is monomicrobial infection of cirrhotic ascites due to bacterial translocation, diagnosed by ascitic PMNs over 250 cells/mm3.",Cirrhotic ascites + fever/pain/encephalopathy; PMN >250 = treat; low-protein ascites risk; distinguish from secondary peritonitis.
Diverticular bleeding,diverticular hemorrhage; bleeding colonic diverticulosis,An older patient on anticoagulation presents with brisk bright red blood per rectum.,There was no preceding crampy pain or tenesmus.,Digital rectal exam confirms blood but no fissure.,Vital signs show orthostasis.,CTA is considered because the bleeding is too brisk for immediate colonoscopy prep.,The painless massive nature is the major clue.,"Diverticular bleeding is arterial rupture of vasa recta at diverticula, causing sudden painless large-volume hematochezia in older adults.",Most common significant adult LGIB; painless massive hematochezia; soft nontender abdomen; colonoscopy/CTA/tagged RBC depending stability.
Colorectal cancer,colon cancer; rectal cancer; colorectal adenocarcinoma; CRC,A 57-year-old has alternating constipation and diarrhea with blood mixed into the stool.,He has a family history of colorectal cancer.,CEA is elevated but is not used as the screening test.,Digital rectal exam detects a firm mass.,Staging CT is planned after tissue diagnosis.,The change in bowel habits is progressive rather than episodic.,"Colorectal cancer causes occult or visible bleeding, iron deficiency anemia, weight loss, and progressive changes in bowel habits or obstruction.",Age >50; weight loss; change in bowel habits; iron deficiency anemia; blood mixed with stool; apple-core lesion; colonoscopy with biopsy.
Ischemic colitis,colonic ischemia; ischemic colopathy,A vascular patient develops abdominal pain first and hematochezia later the same day.,The distribution is segmental rather than continuous from the rectum.,There is low-grade fever and leukocytosis.,Colonoscopy within 48 hours shows pale edematous mucosa with submucosal hemorrhage.,Bleeding volume is modest compared with diverticular hemorrhage.,Peritoneal signs would suggest progression to full-thickness necrosis.,"Ischemic colitis is hypoperfusion of vulnerable watershed colon, causing crampy left-sided pain followed by hematochezia and segmental thumbprinting.",Pain before bleeding; elderly vascular patient; watershed areas; thumbprinting; segmental mucosal injury; lactate/peritonitis suggests severe ischemia.
Ulcerative colitis,UC; ulcerative proctocolitis; mucosal inflammatory bowel disease,A patient with relapsing lower abdominal cramping has frequent bloody stools.,"There is no perianal fistula, abscess, or skip lesion pattern.",Flexible sigmoidoscopy shows friability and loss of vascular pattern beginning at the anal verge.,Plain film would be preferred if toxic megacolon were suspected.,Smoking cessation preceded worsening symptoms.,The disease is limited to colon and rectum.,"Ulcerative colitis is continuous mucosal inflammation beginning in the rectum, causing bloody diarrhea, urgency, tenesmus, crypt abscesses, and PSC association.",Bloody diarrhea; rectum always involved; continuous disease; mucosal/submucosal only; pANCA; PSC; no fistulas/skip lesions.
Internal hemorrhoids,hemorrhoids; bleeding internal hemorrhoids; painless hemorrhoidal bleeding,A pregnant patient reports dripping bright red blood into the toilet bowl after bowel movements.,She has a sense of prolapse that reduces spontaneously.,Pain is absent unless the tissue becomes thrombosed.,Digital rectal exam does not reveal a rectal mass.,Symptoms improve with fiber and reduced straining.,In an older patient this diagnosis should not be assumed without excluding proximal pathology.,"Internal hemorrhoids are dilated submucosal vascular cushions above the dentate line, causing painless bright red blood on paper or coating stool.",Blood on toilet paper/coating stool; painless if internal; constipation/straining/pregnancy; anoscopy; do not assume in older patients without workup.
Anal fissure,posterior midline fissure; painful anal fissure,A postpartum patient avoids bowel movements because of sharp anal pain.,The pain lasts for hours after stool passage.,Bleeding is minimal and not mixed with stool.,"There is no abdominal pain, weight loss, or diarrhea.",Anoscopy is deferred initially because the visible tear explains the symptoms.,Topical therapy and stool softening are recommended.,"An anal fissure is a tear in the anoderm, usually posterior midline, producing severe pain with defecation and small bright red bleeding.",Severe defecation pain; posterior midline tear; small BRBPR on paper; constipation; off-midline suggests Crohn/TB/syphilis.
Small bowel obstruction,SBO; adhesive small bowel obstruction; mechanical small bowel obstruction,A patient with Crohn disease and strictures develops colicky abdominal pain and obstipation.,Vomiting is prominent early and is bilious.,Abdominal x-ray shows multiple air-fluid levels and little colonic gas.,BUN and creatinine are elevated from dehydration.,All hernia orifices are checked.,"Fever, peritonitis, or rising lactate would imply strangulation.","SBO is mechanical blockage of small bowel, most often adhesions after surgery, producing colicky pain, bilious vomiting, distension, obstipation, and air-fluid levels.",Prior surgery/adhesions; colicky pain; bilious vomiting; obstipation; dilated small bowel + transition point; lactate/peritonitis = strangulation.
Large bowel obstruction,LBO; colonic obstruction; obstructing colon cancer,An older adult develops progressive abdominal distension and inability to pass gas.,"Lower abdominal cramping is present, but early vomiting is minimal.",Rectal exam shows occult blood.,CT identifies a transition point in the colon rather than small bowel.,Labs are monitored for leukocytosis and lactate.,The underlying lesion is suspected to be left-sided colorectal cancer.,"LBO causes distal colonic blockage with massive distension, obstipation, late vomiting, and a transition point, commonly from colorectal cancer.",Massive distension; obstipation; late feculent vomiting; CRC/volvulus/diverticular stricture; cecum >12 cm risks perforation.
Sigmoid volvulus,adult sigmoid volvulus; sigmoid colon volvulus,A patient with psychiatric illness and long-term anticholinergic use has acute abdominal distension.,He has not passed gas all day.,The abdomen is tympanitic with high-pitched bowel sounds.,Imaging shows the classic coffee-bean configuration.,CT is used to assess ischemia if the diagnosis is uncertain.,Surgery is needed if perforation or ischemia is present.,"Sigmoid volvulus is axial twisting of the sigmoid colon causing closed-loop large bowel obstruction, classically in elderly institutionalized constipated patients.",Elderly/institutionalized; chronic constipation; massive distension + obstipation; coffee bean to RUQ; endoscopic detorsion unless ischemia/perforation.
Cecal volvulus,cecal volvulus; mobile cecum volvulus,A younger adult with congenital failure of cecal fixation presents with acute colonic obstruction.,The abdomen is markedly distended and tympanitic.,Imaging shows a comma-shaped gas-filled structure in the LUQ.,Lactate is checked for ischemia.,The demographic and radiograph make sigmoid volvulus less likely.,Right hemicolectomy is considered because recurrence is high.,"Cecal volvulus is twisting of a mobile cecum, causing closed-loop obstruction in a younger patient, often with kidney-bean/comma sign displaced to the LUQ.",Younger patient; mobile cecum/prior surgery/pregnancy; kidney bean in LUQ; requires surgery rather than endoscopic detorsion.
Celiac disease,celiac sprue; gluten-sensitive enteropathy; gluten enteropathy,A patient with type 1 diabetes has chronic nonbloody diarrhea and fatigue.,Stools are greasy and difficult to flush.,Labs show folate deficiency and low ferritin.,Endoscopy shows scalloping of duodenal folds.,Testing is performed while the patient is still eating gluten.,The rash would respond to dapsone but diet treats the disease.,"Celiac disease is immune reaction to gluten causing small-bowel villous atrophy, malabsorption, steatorrhea, iron/folate deficiency, and dermatitis herpetiformis.",Steatorrhea; iron/folate deficiency; dermatitis herpetiformis; anti-tTG IgA + total IgA; duodenal biopsy confirms; gluten-free diet.
Irritable bowel syndrome,IBS; irritable bowel syndrome diarrhea predominant; functional bowel disorder,"A patient has years of bloating, urgency, and alternating constipation and diarrhea.",Pain is associated with bowel movements.,Physical exam is benign except for mild diffuse tenderness.,She has no family history of colon cancer and is younger than routine screening age.,Fecal calprotectin is normal.,Red flags would require colonoscopy rather than labeling the condition functional.,"IBS is a disorder of gut-brain interaction with chronic recurrent abdominal pain related to defecation and changes in stool frequency/form, without inflammatory or structural disease.",Pain relieved/related to defecation; no nocturnal symptoms; normal labs; no blood/weight loss/anemia; Rome IV; diagnosis after excluding red flags.
Clostridioides difficile colitis,C difficile; C diff colitis; pseudomembranous colitis,A hospitalized patient on broad-spectrum cephalosporins develops more than six loose stools daily.,He takes a proton pump inhibitor and has a prior episode of the same illness.,"WBC count is 32,000, suggesting fulminant severity.",The diarrhea is usually watery rather than frankly bloody.,Toxin EIA is specific but less sensitive than PCR.,Oral vancomycin or fidaxomicin is first-line therapy.,"C. difficile colitis follows disruption of normal flora after antibiotics or healthcare exposure, producing watery diarrhea, leukocytosis, and pseudomembranous colitis.","Recent antibiotics/hospitalization; watery diarrhea; leukocytosis; pseudomembranes; PCR sensitive, toxin EIA specific; oral vancomycin/fidaxomicin."
Hirschsprung disease,congenital aganglionic megacolon; Hirschsprung,An infant has severe constipation since birth and poor feeding.,"The abdomen is distended, but the rectal vault is empty.",Manometry shows failure of internal anal sphincter relaxation.,Family history includes RET mutation.,A narrow distal segment with proximal dilation is seen on imaging.,The definitive therapy is resection of the aganglionic segment.,Hirschsprung disease is failure of neural crest migration causing distal aganglionosis and functional obstruction with delayed meconium passage.,Failure to pass meconium >48h; empty rectum; explosive stool after exam; Down/RET; transition zone; rectal suction biopsy confirms.
Meconium ileus due to cystic fibrosis,meconium ileus; cystic fibrosis meconium ileus; neonatal CF obstruction,A neonate with family history of cystic fibrosis has abdominal distension and no stool.,Meconium is unusually thick and sticky.,There is no empty rectum with explosive decompression after exam.,Newborn screen shows elevated immunoreactive trypsinogen.,Fecal elastase is low later in infancy.,Gastrografin enema may relieve the obstruction.,Meconium ileus is neonatal terminal ileal obstruction from thick meconium due to cystic fibrosis and exocrine pancreatic insufficiency.,Failure to pass meconium; bilious vomiting; soap-bubble RLQ; microcolon; sweat chloride positive; meconium ileus = CF until proven otherwise.
Pyloric stenosis,hypertrophic pyloric stenosis; infantile pyloric stenosis,A 5-week-old infant exposed to erythromycin has forceful vomiting after feeds.,The emesis is never bilious.,Weight gain has slowed and mucous membranes are dry.,Urine is paradoxically acidic despite metabolic alkalosis.,Upper GI series would show a string sign if ultrasound were equivocal.,Electrolytes are corrected before pyloromyotomy.,"Hypertrophic pyloric stenosis causes gastric outlet obstruction in young infants, producing nonbilious projectile vomiting, hunger after emesis, olive mass, and hypochloremic metabolic alkalosis.",2-6 weeks; firstborn male; nonbilious projectile vomiting; hungry after; olive; hypochloremic hypokalemic metabolic alkalosis; ultrasound diagnosis.
Intussusception,ileocolic intussusception; bowel telescoping,A toddler develops intermittent colicky abdominal pain after a viral illness.,Each episode lasts minutes with well intervals.,Stool becomes bloody and mucoid late in the course.,Ultrasound shows a pseudokidney appearance.,A pathologic lead point would be more likely in an older child.,Surgery is reserved for perforation or failed enema reduction.,"Intussusception is telescoping of proximal bowel into distal bowel, usually ileocolic, producing episodic colicky pain, currant jelly stool, target sign, and a reducible obstruction.",Episodic pain with knees to chest; well intervals; currant jelly late; sausage mass; target sign; air/contrast enema treats.
Malrotation with midgut volvulus,midgut volvulus; malrotation volvulus; neonatal volvulus,A neonate with heterotaxy has acute bilious emesis.,The surgical team is called before symptoms progress to shock.,"Plain film is nonspecific, but upper GI series localizes an abnormal duodenojejunal junction.",Bloody stool would be a late ominous sign.,The narrow mesenteric base predisposes to twisting around the SMA.,This diagnosis is assumed until proven otherwise in bilious neonatal vomiting.,"Malrotation predisposes the midgut to volvulus around the SMA, causing bilious vomiting in neonates and rapid intestinal ischemia.",Bilious vomiting in neonate = emergency; corkscrew upper GI; abnormal DJ junction; lactate/acidosis ischemia; Ladd procedure.
Meckel diverticulum,Meckel's diverticulum; vitelline duct remnant; omphalomesenteric duct remnant,A toddler presents with unexplained painless hematochezia.,"There is no diarrhea, tenesmus, fever, or abdominal tenderness.",Family asks about the rule of 2s.,The anomaly is a true diverticulum located near the ileocecal valve.,It can also serve as a lead point for intussusception.,Surgical resection is planned after localization.,"Meckel diverticulum is a vitelline duct remnant that may contain ectopic gastric mucosa, causing painless rectal bleeding in young children.",Painless rectal bleeding child <2; rule of 2s; ectopic gastric mucosa; technetium-99m scan; true diverticulum.
Necrotizing enterocolitis,NEC; neonatal necrotizing enterocolitis,A 29-week neonate in the NICU deteriorates after feeds are advanced.,The abdomen is tense with decreased bowel sounds.,Stool guaiac is positive.,X-ray shows air within the bowel wall.,Broad-spectrum antibiotics and bowel rest are started.,Breast milk would have reduced risk compared with formula feeding.,"NEC is inflammatory and ischemic necrosis of neonatal bowel, usually in premature infants, with feeding intolerance, bloody stool, and pneumatosis intestinalis.",Prematurity + feeding intolerance + distension + bloody stool; pneumatosis intestinalis pathognomonic; portal venous gas severe; pneumoperitoneum surgery.
Achalasia,achalasia; primary achalasia; esophageal aperistalsis,A patient from a Chagas-endemic region reports nocturnal regurgitation and dysphagia.,Liquids are as difficult as bread from symptom onset.,Chest radiograph shows a widened mediastinum with an air-fluid level.,EGD is performed to exclude pseudoachalasia from malignancy.,The core defect is loss of inhibitory myenteric neurons.,Pneumatic dilation or myotomy is considered.,"Achalasia is loss of inhibitory neurons in the myenteric plexus causing absent peristalsis and impaired LES relaxation, with dysphagia to solids and liquids from onset.",Dysphagia to solids and liquids simultaneously; regurgitation undigested food; bird-beak; manometry gold standard; Chagas possible.
Esophageal adenocarcinoma,distal esophageal adenocarcinoma; Barrett-associated esophageal cancer; GEJ adenocarcinoma,A patient with chronic GERD and smoking history has worsening dysphagia over months.,Food sticks low in the chest.,There is no intermittent food impaction history.,CT is obtained for staging after diagnostic biopsy.,The tumor location is distal rather than upper/mid esophagus.,The background mucosa has intestinal metaplasia.,Esophageal adenocarcinoma arises from Barrett metaplasia in the distal esophagus/GEJ and causes progressive dysphagia with weight loss.,GERD/Barrett; obese white male; distal/GEJ; progressive solids to liquids dysphagia; weight loss; EGD biopsy diagnosis.
Esophageal squamous cell carcinoma,esophageal SCC; squamous esophageal cancer; mid esophageal carcinoma,A patient with longstanding achalasia develops a change from chronic dysphagia to rapidly progressive obstruction.,He has cachexia and a left supraclavicular node.,Tumor is located in the upper to middle esophagus.,"Risk factors include smoking, alcohol, hot liquids, and nutritional deficiency.",The filling defect is irregular rather than smooth bird-beak tapering.,Staging CT follows diagnostic EGD biopsy.,"Esophageal squamous cell carcinoma arises in upper/mid esophageal squamous epithelium and is linked to alcohol, tobacco, achalasia, and progressive dysphagia.",Alcohol + tobacco; upper/mid esophagus; progressive solids to liquids; weight loss; irregular filling defect; achalasia increases risk.
Eosinophilic esophagitis,EoE; eosinophilic esophagitis; allergic esophagitis,A young atopic patient presents after food bolus impaction requiring endoscopy.,He has allergic rhinitis and multiple food triggers.,There is no weight loss or progressive solids-to-liquids pattern.,Endoscopy has a trachealized appearance.,Biopsy distinguishes the disease from GERD.,Elimination diet and swallowed topical steroids are discussed.,EoE is antigen-driven eosinophilic inflammation of the esophagus causing intermittent solid-food dysphagia and food impaction in young atopic patients.,Young atopic male; food impaction; rings/furrows/white exudates; >=15 eos/hpf; intermittent solids; poor PPI-only response.
Candida esophagitis,esophageal candidiasis; Candida infectious esophagitis,A chemotherapy patient develops acute odynophagia and retrosternal pain.,Exam shows oral thrush.,There is no history of caustic ingestion or pill lodging.,Endoscopic lesions are plaque-like rather than punched-out or large linear ulcers.,The pathogen is the most common infectious cause in this setting.,Symptoms improve with systemic azole therapy.,"Candida esophagitis is opportunistic infection causing odynophagia in immunocompromised patients, often with thrush and adherent white plaques.",Odynophagia + immunocompromised; thrush; white plaques; pseudohyphae; most common infectious esophagitis; fluconazole empirically if classic.
CMV esophagitis,cytomegalovirus esophagitis; CMV infectious esophagitis,A patient with advanced AIDS has painful swallowing and weight loss.,Oropharynx is clear.,Endoscopy reveals broad serpiginous ulcers.,Histology shows enlarged cells with intranuclear and intracytoplasmic inclusions.,HSV is less likely because the ulcers are not multiple small volcano lesions.,The antiviral choice targets CMV.,CMV esophagitis causes odynophagia in severely immunocompromised patients with large shallow linear distal ulcers and owl-eye inclusions.,Immunocompromised odynophagia; no thrush; large linear distal ulcers; owl-eye inclusions; treat ganciclovir.
HSV esophagitis,herpes simplex esophagitis; HSV infectious esophagitis,A patient on high-dose steroids develops painful swallowing.,Endoscopic ulcers are discrete and volcano-like rather than long linear lesions.,Histology demonstrates viral cytopathic effect with multinucleation.,CMV is less likely based on ulcer size and location.,"The problem is infectious mucosal ulceration, not reflux.",Symptoms improve with anti-HSV therapy.,HSV esophagitis is opportunistic viral esophageal infection causing odynophagia with multiple small punched-out mid-esophageal ulcers and multinucleated giant cells.,Odynophagia; immunocompromised; punched-out/volcano ulcers; multinucleated giant cells and Cowdry A; treat acyclovir.
